{
    "timestamp": "2025-03-06T23:54:30.215968",
    "configuration": {
        "optimization": {
            "tolerance": 1e-06,
            "max_iterations": 1000,
            "slsqp": {
                "maxiter": 1000,
                "ftol": 1e-06,
                "eps": 1e-08
            },
            "basin_hopping": {
                "niter": 100,
                "T": 1.0,
                "stepsize": 0.5,
                "maxiter": 1000,
                "ftol": 1e-06
            },
            "differential_evolution": {
                "maxiter": 1000,
                "popsize": 15,
                "mutation": [
                    0.5,
                    1.0
                ],
                "recombination": 0.7,
                "seed": 42,
                "strategy": "best1bin"
            },
            "ga": {
                "pop_size": 100,
                "n_generations": 100,
                "crossover_prob": 0.9,
                "mutation_prob": 0.1,
                "tournament_size": 3
            },
            "adaptive_ga": {
                "initial_pop_size": 100,
                "max_generations": 100,
                "initial_mutation_rate": 0.1,
                "initial_crossover_rate": 0.9,
                "min_mutation_rate": 0.01,
                "max_mutation_rate": 0.5,
                "min_crossover_rate": 0.5,
                "max_crossover_rate": 1.0,
                "tournament_size": 3,
                "elite_size": 2,
                "convergence_threshold": 1e-06,
                "stagnation_limit": 10
            },
            "pso": {
                "n_particles": 50,
                "n_iterations": 100,
                "c1": 2.0,
                "c2": 2.0,
                "w": 0.7
            }
        }
    },
    "results": {
        "SLSQPSolver": {
            "success": true,
            "message": "Optimization terminated successfully",
            "payload_fraction": 0.021676936992760337,
            "constraint_violation": 0.0,
            "execution_metrics": {
                "iterations": 1,
                "function_evaluations": 3,
                "execution_time": 0.0010001659393310547
            },
            "stages": [
                {
                    "stage": 1,
                    "delta_v": 4650.0,
                    "Lambda": 0.18621138864353542
                },
                {
                    "stage": 2,
                    "delta_v": 4650.0,
                    "Lambda": 0.256125802081186
                }
            ]
        },
        "BasinHoppingOptimizer": {
            "success": true,
            "message": "CONVERGENCE: NORM OF PROJECTED GRADIENT <= PGTOL",
            "payload_fraction": 0.02169509377978645,
            "constraint_violation": 0.0,
            "execution_metrics": {
                "iterations": 100,
                "function_evaluations": 0,
                "execution_time": 0.07843184471130371
            },
            "stages": [
                {
                    "stage": 1,
                    "delta_v": 4641.434509086614,
                    "Lambda": 0.1867888366608539
                },
                {
                    "stage": 2,
                    "delta_v": 4658.565490913386,
                    "Lambda": 0.25548398299756203
                }
            ]
        },
        "GeneticAlgorithmSolver": {
            "success": true,
            "message": "Optimization terminated successfully",
            "payload_fraction": 0.02217817341565706,
            "constraint_violation": 0.0,
            "execution_metrics": {
                "iterations": 100,
                "function_evaluations": 0,
                "execution_time": 2.1299121379852295
            },
            "stages": [
                {
                    "stage": 1,
                    "delta_v": 4186.156478457455,
                    "Lambda": 0.22020342103202648
                },
                {
                    "stage": 2,
                    "delta_v": 5113.843521542544,
                    "Lambda": 0.22358660689190904
                }
            ]
        },
        "AdaptiveGeneticAlgorithmSolver": {
            "success": true,
            "message": "Optimization completed successfully with feasible solution",
            "payload_fraction": 0.021273923414408154,
            "constraint_violation": 0.0,
            "execution_metrics": {
                "iterations": 200,
                "function_evaluations": 10000,
                "execution_time": 12.872594118118286
            },
            "stages": [
                {
                    "stage": 1,
                    "delta_v": 4811.331820844529,
                    "Lambda": 0.175662514103542
                },
                {
                    "stage": 2,
                    "delta_v": 4488.66817915547,
                    "Lambda": 0.26852025573052996
                }
            ]
        },
        "DifferentialEvolutionSolver": {
            "success": true,
            "message": "DE optimization completed successfully",
            "payload_fraction": 0.022178173415657004,
            "constraint_violation": 0.0,
            "execution_metrics": {
                "iterations": 83,
                "function_evaluations": 12450,
                "execution_time": 6.946655988693237
            },
            "stages": [
                {
                    "stage": 1,
                    "delta_v": 4186.156593918695,
                    "Lambda": 0.2202034118414626
                },
                {
                    "stage": 2,
                    "delta_v": 5113.843406081306,
                    "Lambda": 0.22358661445385816
                }
            ]
        },
        "ParticleSwarmOptimizer": {
            "success": true,
            "message": "PSO optimization completed successfully",
            "payload_fraction": 0.022178171656801533,
            "constraint_violation": 0.0,
            "execution_metrics": {
                "iterations": 47,
                "function_evaluations": 7050,
                "execution_time": 3.2052841186523438
            },
            "stages": [
                {
                    "stage": 1,
                    "delta_v": 4185.297364871708,
                    "Lambda": 0.22027181597156087
                },
                {
                    "stage": 2,
                    "delta_v": 5114.702635128293,
                    "Lambda": 0.2235303477017672
                }
            ]
        }
    }
}